tag,freq
日本,20
手V治虫,20
水o月かれん,20
ペルソナ3,20
カエル,20
,20
ソ`マ,20
ロボ娘,20
内,20
リ`ス,20
ひよこ,20
ハヤテのごとく!,20
h坂凛,20
中学生,20
まじぽか,20
水中,20
⒚妤楗ぅ扩`王,20
青,20
ハイアングル,20
幻想水G,20
嫁,20
オナニ`,20
マクロス,20
蛙,20
C械,20
ラム,20
ポニテ,20
？,20
FF6,20
リリス,20
浴衣,20
虹,20
HUNTER×HUNTER,20
秋月律子,20
うずまきナルト,20
体操着,20
写真,20
サムライスピリッツ,20
ナ`ス,20
作者は命知らず,20
スポ`ツ,20
ミスラ,20
チ`ズ,20
ツリ目,20
魔法,20
マイクロビキニ,20
ゾイド,20
夕暮れ,20
星空,20
鬼太郎,20
魔王,20
シェリル?ノ`ム,21
n,21
TOA,21
クラナド,21
ペンギン,21
えちゃっと,21
指差し,21
g色,21
ニコニコ踊,21
ランドセル,21
虹Yメイド,21
船,21
蛇,21
お},21
トレ`ス,21
道,21
イ`ストランド,21
後ろ手,21
ポ`ズ,21
手を冥菠,21
シンプル,21
半裸,21
へそ,21
集合},21
うなじ,21
おお振り,21
魔女っ子,21
アトラス,21
逆光,21
ネタ},21
t~,21
兵器,21
安,21
サイハイブ`ツ,21
お店,21
みつどもえ,21
攻C雨,21
上目遣い,21
I山r,21
セクシ`,21
幽香,21
エプロン,21
ポケットに手,21
ずり落ち眼R,21
もっとuされるべき,21
え`りん,21
正座,21
水伊,21
ベッド,21
スキンヘッド,21
Q生日,21
レトロ,22
魔っ娘,22
妊D,22
キラキラ,22
ゴシック,22
ウルトラ怪,22
さくら,22
仙?胰A院?イナバ,22
pixia,22
三国志,22
舞-乙HiME,22
o限のフロンティア,22
_脚,22
斧,22
虫,22
乳首,22
ルイズ,22
ルイズ?フランソワ`ズ?ル?ブラン?ド?ラ?ヴァリエ`ル,22
携,22
横P,22
十六夜D夜,22
ネギま,22
素足,22
西行寺幽々子,22
魅音,22
着ぐるみ,22
ヘルシング,22
ペルソナ３,22
雪i,22
キン肉マン,22
きのこ,22
サクラ大,22
FF5,22
架空游锓N,22
巨根,22
FF4,22
kロ`ル,22
,22
合作,22
刹那,22
ピクファン描いちゃった,23
}本,23
服,23
モリガン,23
アンパンマン,23
ケモ耳,23
カイジ,23
虎,23
ビシッ,23
バンブ`ブレ`ド,23
放n後特e授I,23
混ぜるな危,23
beatmania,23
うる星やつら,23
料理,23
ひだまりスケッチ,23
タイツ,23
アカギ,23
吸血鬼,23
巨娘,23
弱音ハク,23
一般,23
今日のお狐,23
星井美希,23
パチンコ,23
わんこ,23
例大祭,23
L手袋,23
,23
分,23
r,23
L,23
アイコン,23
赤マフラ`,24
よだれ,24
殛LC,24
手袋,24
建B,24
小町,24
pixivの森,24
ピアス,24
ポケM,24
o`,24
~望先生,24
w行,24
ピクシブたん,24
ミニスカ,24
もふもふ,24
正方形,24
女子,24
pixivファンタジア?サイドスト`リ`,24
サッカ`,24
藤原妹t,24
背中合わせ,24
Pペン,24
P3,24
神奈子,24
大きな食べ物,24
妹,24
pixiv版C74カタログ,24
リブ生地,24
v,24
ふつくしい,24
こっちみんな,24
メカ少女,24
宇宙,24
ゴルロア描いちゃった,25
脚,25
}徽h,25
谷g,25
ダンス,25
都市,25
ダ`ク,25
ニア,25
ビックリマン,25
P:D(パ`ソナルド`ル),25
PSU,25
妹,25
道,25
やおい,25
H子,25
FE,25
フラン,25
S描き,25
正月,25
ぬいぐるみ,25
16色,25
ＳＤ,25
アメコミ,25
シルヴァリア,26
ポケモン100users入り,26
お}描きチャット,26
トランスフォ`マ`,26
DQ,26
N薇,26
高菠浃瑜,26
リグル,26
カレン,26
t魔_,26
,26
KOF,26
コ`ト,26
pixiv妖橛,26
おL,26
????,26
R,26
ペルソナ,26
芸能,26
ジャ`ジ,26
パンスト,26
忍たま,26
T\,26
ミュ`ジシャン,26
士,26
骨,26
髭,26
カミナ,26
レミリア?スカ`レット,26
マリアリ,26
バニ`ガ`ル,27
魂魄妖,27
マリオ,27
ゴルロア漫画,27
パンヤ,27
^に手,27
みっくみく,27
自,27
耳,27
トレス,27
狼,27
ギャグマンガ日和,27
小魔,27
ファミコン,27
律子,27
市松模,27
ジ`ンズ,27
,27
[锿GX,27
美希,27
プリキュア５,27
梨花,27
にとり,27
ヤサコ,27
オスケモ,27
おさん,27
片目,27
MH,27
男性,27
ガンダムOO,28
画伯,28
マクロスＦ,28
ほうき,28
r,28
アイス,28
kL,28
メダロット,28
MS,28
音ゲ`,28
ベイビ`プリンセス,28
]杖,28
事,28
アンザ`ル,28
ピンク,28
大女,28
アスカ,28
C74,28
C.C.,28
川,28
ポケモンM人化,28
セ`ラ`ム`ン,28
八{,28
キャラ借り,29
尻神,29
みなみけ,29
OS,29
シュ`ル,29
パチスロ,29
模,29
x夜,29
ゼロの使い魔,29
アイゼルン,29
ル`ミア,29
ディスガイア,29
魔法使い,29
下き,29
ジャンプ,29
せんとくん,29
おおきく振りかぶって,29
食事,29
サムスピ,29
秋,29
リトルバスタ`ズ！,29
つかさ,29
酒,29
め合わせ,29
シャナ,29
灼眼のシャナ,29
かわいい,29
同人I,29
汁,29
おさげ,30
オッドアイ,30
早苗,30
むちむち,30
碧眼,30
,30
魔法少女リリカルなのは,30
伺か,30
二人,30
ふたご,30
空想,30
慧音,30
木,30
デブ,30
,30
ウルトラマン,30
大神,30
ルル`シュ,30
冬,30
十字架,30
射命丸文,31
目,31
CG,31
FFXI,31
デスノ`ト,31
二次作,31
三国志大,31
omレナ,31
ス`ツ,31
メルヘン,31
シュ`ティング,31
ちびキャラ,31
のb金g,31
キョン,31
くぱぁ,31
抱,31
ＲＯ,31
ぷよぷよ,31
ランカ,32
落描き,32
腐向け,32
アビス,32
ヴィ`タ,32
ロックオン,32
ホラ`,32
怪,32
夕日,32
ベジェ,32
AA,32
ノ`スリ`ブ,32
\タイツ,32
弓,32
ショ`トパンツ,32
スク`ル水着,32
同人,32
エチャ,32
w行C,32
わぁい,32
伊,32
デッサン,33
野球,33
ドレス,33
美少女,33
魔法少女,33
FEZ,33
クラン?クラン,33
足,33
幻想,33
墟,33
コミケ,33
ゴルロア{骨堂,33
ぺたん座り,33
しぃペインタ`,34
文,34
ポケットモンスタ`,34
{,34
着エロ,34
openCanvas,34
STG,34
青空,34
ジブリ,34
ハヤテのごとく！,34
檐,34
中国,34
厚Tり,34
永夜抄,34
F雨魔理沙,34
博,34
FF,34
セイバ`,34
|L谷早苗,34
ONEPIECE,34
星,34
青年,35
ぽっちゃり,35
フェイト,35
爆乳,35
ゼルダの徽h,35
ラグナロクオンライン,35
p想天,35
男の娘,35
むっちり,35
パロ,35
人~,35
ドラえもん,35
シルエット,35
ショ`トカット,35
ヘッドホン,35
椅子,35
群像,35
pixivキャップ,35
おんなのこ,36
ソウルイ`タ`,36
包,36
送,36
ブ`ツ,36
菊地真,36
真,36
腹筋,36
i,36
n星石,36
下乳,36
レナ,37
mハルヒ,37
アレルヤ,37
ケ`キ,37
3DCG,37
人形,37
如月千早,37
体操服,37
ペインタ`,37
なにこれかわいい,37
萌え,37
ボ`ルペン,37
VOCALOID100users入り,37
影,37
A段,37
y,37
シモン,37
ランカ?リ`,38
ピクファン描いちゃっていいのよ,38
マリみて,38
a婴,38
み物,38
楣BASARA,38
^去},38
QMA,38
たくしあげ,38
拳|,38
FFT,38
ほのぼの,38
めがね,38
ナルト,38
星のカ`ビィ,38
ウサギ,38
FF7,38
ギタ`,38
髑t,38
＞＜,38
ファイナルファンタジ`,38
三つみ,39
ミリタリ`,39
c波レイ,39
,39
ネズミ,39
作,39
LT有希,39
透明水彩,39
グロ,39
月,39
和み,39
流し目,40
シンメトリ,40
表,40
やよい,40
おでこ,40
t美,40
けもの,40
もやしもん,40
アナル,40
OS娘,40
おかっぱ,41
部屋,41
ヴァンパイアシリ`ズ,41
モノノ怪,41
Painter,41
ヤンデレ,41
L,41
|方Project100users入り,41
,41
妹t,41
毛,41
挨がみ,41
パワパフＺ,41
~,42
ふんどし,42
みょん,42
高町なのは,42
ファイア`エムブレム,42
タカミン,42
ヌ`ド,42
L身女性,42
俺の嫁,42
武装神,42
サモンナイト,43
ドラゴンボ`ル,43
八重n,43
お子,43
炎,43
色彩,43
映画,43
フェラ,43
フランド`ル,44
ギルティギア,44
ネクタイ,44
武装b金,44
フェイト?テスタロッサ,44
春,44
淠,44
ネコ,44
鬼,44
萃香,44
スマブラ,44
ToHeart2,44
ヘタリア,44
集合,45
八紫,45
CLANNAD,45
ホロ,45
太眉,45
o法少女ソワカちゃん,45
ピカチュウ,46
o,46
はてなようせい,46
ドラゴンクエスト,46
テニスの王子,46
舌,46
ラグナロク,46
ペン画,46
Vocaloid,46
リボ`ン,46
千早,46
,46
お尻,46
射命丸,46
マウス,46
バイク,46
マリアがみてる,47
魅惑のふともも,47
mハルヒコのnd,47
オリジナル100users入り,47
天海春香,47
草,47
チャイナ,47
ARIA,47
パ`ス,47
狼と香辛料,47
アリス?マ`ガトロイド,48
首,48
jI表ジェネレ`タ`,48
ニ`ソックス,48
そのk想はなかった,48
赤目,48
ぬこ,48
犬耳,48
忍者,48
人物,48
建物,48
エヴァ,48
翠星石,48
ぴく妖,49
中出し,49
L神h,49
エヴァンゲリオン,49
下着,49
蝶,49
,49
BabyPrincess,49
汗,49
デジモン,49
,50
ポップ,50
メカ娘,50
??????????(???),50
~I域,50
サ`クルカット,50
NARUTO,50
}チャット,50
任天堂,50
らきすた,50
スパロボ,51
腋,51
邦S,51
2008,51
ネg,51
ビキニ,51
カオス,51
ぴくがく学籍名簿,51
物,51
|方Project,52
プリキュア5,52
返り,52
SoundHorizon,52
サンタ,52
紫,52
ゴスロリ,53
きつね,53
キス,53
カ`ビィ,53
乳,53
おっさん,53
TRPG,54
BL,54
雨,54
cパン,54
ヨ`コ?リットナ`,54
バニ`,55
ファッション,55
v,55
エキサイトバイク,55
...φ(?ω?`c⌒っ,55
ひぐらし,55
おにゃのこ,55
でこ,55
しっぽ,56
夕け,56
夜,56
ふたなり,56
チビケモ,57
さよなら~望先生,57
瞑目,57
おしり,57
真t,57
おっさんホイホイ,57
手と手,57
かがみ,57
橙,57
Tってもいいのよ,58
ヴァンパイア,58
SF,58
,58
L子,58
\,58
女装,59
ぶっかけ,59
春香,59
和,59
幽々子,59
リアル,59
MEIKO,60
こなた,60
ミク,60
マント,60
z,61
S器,61
眠り,61
ゲ`ム画面,61
,61
ヨ`コ,61
SDガンダム,62
ネギ,62
ピンク,63
似},63
角,63
森,63
ロックマン,63
ゆっくりしていってね,64
神_万象,64
自榆,64
植物,64
}茶,64
ツンデレ,64
オエビ,64
水,64
うさみみ,65
y魂,65
コスプレ,65
虹Y,65
夏,66
UP画,67
ハルヒ,67
魔女,67
アルカナハ`ト,67
Photoshop,68
水y,68
拘束,68
おえび,68
,68
尻尾,68
ストリ`トファイタ`,68
ＳＡＩ,69
子供,69
コイル,70
キョン子,70
photoshop,70
2007年,70
全裸,70
年R状,70
てゐ,70
Fate,71
カラ`,71
⒚妤楗ぅ扩`,71
,72
壁,72
アニメTり,72
色UP,72
メスケモ,73
ぱにぽに,73
妖怪,73
巫女,73
キャラクタ`,74
パンチラ,74
[锿,74
眼,74
なのは,74
和服,74
エルフ耳,74
年R,75
イラレ,75
FF11,76
ウィンク,77
刀,77
D夜,77
ねずみ,77
ワンピ`ス,77
街,77
格ゲ`,77
腰に手,78
マンガ,78
ハ`ト,78
LT,78
自然画,78
妖精,78
ネタ,79
狐,80
アクション,80
コピック,81
プリキュア,81
,81
パチュリ`,81
ポニ`テ`ル,81
バレンタイン,81
描いてみた,82
王,82
文字,82
性Q,82
双子,83
ブルマ,83
魔,83
ハルヒ性Qシリ`ズ,84
触手,84
雪,85
手きブログ,85
\,86
ネコミミ,86
天使,86
天元突破グレンラガン,86
音S,86
Illustrator,86
おい、ぬるく,86
?,87
うどんげ,88
イラスト,88
⑨,88
4コマ,89
ねこ,90
パンツ,90
赤,91
デザイン,91
|,91
カプコン,91
翼,92
ア`ト,92
スパッツ,92
和L,92
妖,93
すじ,94
レミリア,94
ふともも,95
テイルズ,95
エルフ,95
,96
人,96
@,96
幼女,97
女体化,97
おへそ,97
}板,97
血,99
白\,99
RO,101
裸足,101
,102
SD,102
人外,102
笑,102
メガネ,102
女,102
最古シリ`ズ,102
マクロスF,103
クリ`チャ`,103
褐色,103
羽,103
乳,104
ボ`カロイド,104
B,104
看板娘,104
ぷに,104
青,105
ドラクエ,106
背中,106
女性,106
表情,108
うさぎ,109
ふたば,109
食べ物,109
武器,110
世界浃蚊m,110
ドット,110
マフラ`,111
ハロウィン,111
裸,112
月,112
ぴくがく交流},112
ロボット,114
KAITO,115
ドラゴン,115
光,115
モンハン,116
コ`ドギアス,117
ねこみみ,117
男,118
特撮,118
横,119
女子高生,119
百合,119
アリス,120
手,120
はいてない,123
筋肉,125
,126
3D,126
オリキャラ,126
耳,127
☆,127
魅惑の谷g,127
UP,128
リボン,128
モンスタ`ハンタ`,128
pixivファンタジア,129
,129
パロディ,132
海,132
ジョジョ,136
sai,136
着物,138
R音レン,139
空,140
尻,140
ひぐらしのなくに,141
デフォルメ,141
R-15,141
ポップン,142
アホ毛,144
,145
画,147
ニ`ソ,147
帽子,147
mハルヒのnd,147
金,148
モンスタ`,150
ガンダム00,152
犬,154
グレンラガン,169
ラフ,170
４コマ,172
アニメ,174
レトロゲ`ム,177
魔理沙,178
リリカルなのは,178
スク水,180
チルノ,184
少年,187
ゴルロア,190
ロボ,193
背景,197
ぱんつ,197
アイマス,200
水彩,209
模写,210
巨乳,210
R音リン,210
メイド,211
L景,212
クリスマス,214
らき☆すた,216
花,216
ガンダム,218
猫耳,222
描いてもいいのよ,226
ぴくがく,227
水着,231
ショタ,233
ラクガキ,239
ロ`ゼンメイデン,240
作,248
男の子,268
游,279
ケモノ,284
猫,286
ドット},289
ツインテ`ル,291
制服,295
セ`ラ`服,307
}チャ,313
お}かき魇景,313
アイドルマスタ`,322
ゴ`ルデンロア,326
ゲ`ム,335
らくがき,343
ロリ,368
メカ,368
漫画,379
少女,394
ポケモン,395
M人化,408
眼R,412
ファンタジ`,414
SAI,417
お}描き魇景,438
VOCALOID,467
アナログ,478
モノクロ,584
おっぱい,697
初音ミク,709
落き,752
R-18,1876
|方,2017
女の子,2633
版,2741
オリジナル,4355
